CODIGO,TAG,EQUIPO,DESCRIPCION,FABRICANTE;;;;;;;;;;;;;;;;;;;
"80960,320BM001B,MOTOR DE LA RASTRA AUXILIAR,""ELECTRIC MOTOR (100 HP) (3 PH) (50 HZ) (447TSC TEFC,FR) (380 V) (134 AMP)(TYPE: TCE)(SF:1.15)(1485 RPM) FOR: TAG MOTOR: 320BM001B."",US MOTOR";;;;;;;;;;;;;;;;;;;
"742585,320BM001B,MOTOR DE LA RASTRA AUXILIAR,""ELECTRIC MOTOR (100 HP) (3 PH) (50 HZ) (447TSC TEFC,FR) (380 V) (134 AMP)(TYPE: TCE)(SF:1.15)(1485 RPM) FOR: TAG MOTOR: 320BM001B."",US MOTOR";;;;;;;;;;;;;;;;;;;
80945,310AG011 | 310AG012,AGITADOR TK ALMACENAMIENTO CONCENTRADO,MOTOR JAULA ARDILLA TYPE:TCE /3 PH/ 50 HZ/ SF:1.15,US MOTOR;;;;;;;;;;;;;;;;;;;
471946,310AG011 | 310AG012,AGITADOR TK ALMACENAMIENTO CONCENTRADO,MOTOR JAULA ARDILLA TYPE:TCE /3 PH/ 50 HZ/ SF:1.15,US MOTOR;;;;;;;;;;;;;;;;;;;
"763515,310BD001,310BD001 NAVE FILTRADO 310FA091 310FA092 310FA095 311FA3304 311FA3305,""VENTILADOR AXIAL MURAL PARA NAVE FILTRADO, MARCA S&P, MODELO HIT-1250 P POTENCIA MOTOR 1,5 KW/ 2 HP TENSIÓN 3-230/400- 50 HZ INTENSIDAD MAXIMA 6,3A/3,6A CLASE DE MOTOR: F VELOCIDAD 1450 RPM NUMERO DE POLOS 4 EFICIENCIA ESTÁNDAR , PROTECCIÓN IP55 , CAUDAL PUNTO REQUERIDO 44.300 M3/H PRESIÓN ESTÁTICA PUNTO REQUERIDO 1,00 Pa CAUDAL PUNTO DE TRABAJO 44.366 M3/H PRESIÓN ESTÁTICA PUNTO DE TRABAJO 1,00 Pa PRESIÓN TOTAL PUNTO DE TRABAJO 4,80 Pa TRANSMISIÓN INDIRECTA, CON HÉLICE CON ASPAS DE ALUMINIO DE PASO FIJO UNIDIRECCIONAL. EL SUMINISTRO INCLUYE CELOSÍA GRAVITACIONAL Y REJILLA DE PROTECCIÓN ."",S&P";;;;;;;;;;;;;;;;;;;
"167965,310BM001,PORTAL RECLAIMER,""FRENO DEL MOTOR DEL SISTEMA DE DESPLAZAMIENTO DEL PORTAL RECLAIMER CARACTERÍSTICAS: FRENO MOTOR DE 15 LB. DTWP PARA MOTOR MODELO H19226 SERIE A08A188029TF, POTENCIA DEL MOTOR 5 HP: FRAME DEL MOTOR 215TC"",US MOTORS";;;;;;;;;;;;;;;;;;;
81026,310BM001,MOTOR RASTRA PRINCIPAL,ELECTRIC MOTOR (200 HP) (3 PH) (50 HZ) (FRAME:449TMC TEFC)(380V DELTA)(270 AMP) (TYPE JCE)(SF:1.15)(1475 RPM)(ENLOSURE TE) (DESIG: B) (INSULLATION F)(TEMP.AMB 40 GRD C)(EFF NOM:95)(CODE G)(KVAR 36.9) FOR:TAG NO:320BM001A. (REPARADO),US MOTORS;;;;;;;;;;;;;;;;;;;
508119,310BM001,MOTOR RASTRA PRINCIPAL,ELECTRIC MOTOR (200 HP) (3 PH) (50 HZ) (FRAME:449TMC TEFC)(380V DELTA)(270 AMP) (TYPE JCE)(SF:1.15)(1475 RPM)(ENLOSURE TE) (DESIG: B) (INSULLATION F)(TEMP.AMB 40 GRD C)(EFF NOM:95)(CODE G)(KVAR 36.9) FOR:TAG NO:320BM001A. (REPARADO),US MOTORS;;;;;;;;;;;;;;;;;;;
80481,310CP012 | 310CP013 | 310CP014 | 310CP018 | 310CP019 | 310CP020,COMP AIRE PLANTA COMP AIRE PLANTA COMP AIRE INSTRUM COMP AIRE INSTRUM COMP AIRE FILTRO COMP AIRE FILTRO COMP AIRE FILTRO,MOTOR VENTILADOR Rod. Eje 6209-2Z/C3 Rod. Vent. 6209-2Z/C3,ABB MOTORS;;;;;;;;;;;;;;;;;;;
766829,310CP012 | 310CP013 | 310CP014 | 310CP018 | 310CP019 | 310CP020,COMP AIRE PLANTA COMP AIRE PLANTA COMP AIRE INSTRUM COMP AIRE INSTRUM COMP AIRE FILTRO COMP AIRE FILTRO COMP AIRE FILTRO,Motor auxiliar ventilador ZT200/250 15-17kw/230D-400-460VY/50-60hz,ATLAS COPCO;;;;;;;;;;;;;;;;;;;
756609,310CP012 | 310CP013 | 310CP014 | 310CP018 | 310CP019 | 310CP020,COMP AIRE PLANTA COMP AIRE PLANTA COMP AIRE INSTRUM COMP AIRE INSTRUM COMP AIRE FILTRO COMP AIRE FILTRO COMP AIRE FILTRO,Aspa ventilador axial ZT200/250 116x116x20cm x 7.74kg.,ATLAS COPCO;;;;;;;;;;;;;;;;;;;
744168,310CP012 | 310CP013 | 310CP014 | 310CP018 | 310CP019 | 310CP020,COMP AIRE PLANTA COMP AIRE PLANTA COMP AIRE INSTRUM COMP AIRE INSTRUM COMP AIRE FILTRO COMP AIRE FILTRO COMP AIRE FILTRO,MOTOR VENTILADOR Rod. Eje 6209-2Z/C3 Rod. Vent. 6209-2Z/C3,ABB MOTORS;;;;;;;;;;;;;;;;;;;
81141,310CP012 | 310CP013 | 310CP014 | 310CP018 | 310CP019 | 310CP020,COMP AIRE PLANTA COMP AIRE PLANTA COMP AIRE INSTRUM COMP AIRE INSTRUM COMP AIRE FILTRO COMP AIRE FILTRO COMP AIRE FILTRO,MOTOR Rod. Eje 6226-J/C3 Rod. Vent. 6226-J/C3,US MOTOR;;;;;;;;;;;;;;;;;;;
751896,310CP012 | 310CP013 | 310CP014 | 310CP018 | 310CP019 | 310CP020,COMP AIRE PLANTA COMP AIRE PLANTA COMP AIRE INSTRUM COMP AIRE INSTRUM COMP AIRE FILTRO COMP AIRE FILTRO COMP AIRE FILTRO,MOTOR Rod. Eje 6226-J/C3 Rod. Vent. 6226-J/C3,US MOTOR;;;;;;;;;;;;;;;;;;;
80705,310CV022 | 310CV023 | 310CV024 | 311CV1048 | 310CV1049 | 740DR1501,CORREA DESC FL001 CORREA DESC FL002 CORREA DESC FL003 CORREA DESC FL004 CORREA DESC FL005,ELECTRIC MOTOR (7.5 HP)(1480 RPM)(380 V) (SF:1.15) (10.9 AMP) (3 PH) (50 HZ)(TYPE :TCE)(MOD:H15921) FOR: TAG NO.:310CV022A /023A/024A.,US MOTOR;;;;;;;;;;;;;;;;;;;
454900,310CV022 | 310CV023 | 310CV024 | 311CV1048 | 310CV1049 | 740DR1501,CORREA DESC FL001 CORREA DESC FL002 CORREA DESC FL003 CORREA DESC FL004 CORREA DESC FL005,ELECTRIC MOTOR (7.5 HP)(1480 RPM)(380 V) (SF:1.15) (10.9 AMP) (3 PH) (50 HZ)(TYPE :TCE)(MOD:H15921) FOR: TAG NO.:310CV022A /023A/024A.,US MOTOR;;;;;;;;;;;;;;;;;;;
"80499,310FL001 | 310FL002 | 310FL003 | 310FL004 | 310FL005,CORREA DESC FL001 CORREA DESC FL002 CORREA DESC FL003 CORREA DESC FL004 CORREA DESC FL005,""MOTOR DE ALTA MODEL LS-180L,RATED POWER 22KW,POLES:4,RPM:1500RPM, MOUNTING POS:B35/IM2001, MAINS VOLTS:400VD,FREC: 50HZ, ISOLATION CLASS:F,D.OF PROTECTION:IP55, SVEDALA DRWG:1-0150 REF.:7.FOR: SVEDALA FILTER."",LEROY-SOMER";;;;;;;;;;;;;;;;;;;
"80739,310FL001 | 310FL002 | 310FL003 | 310FL004 | 310FL005,CORREA DESC FL001 CORREA DESC FL002 CORREA DESC FL003 CORREA DESC FL004 CORREA DESC FL005,""MOTOR DE ALTA MODEL LS-180L,RATED POWER 22KW,POLES:4,RPM:1500RPM, MOUNTING POS:B35/IM2001, MAINS VOLTS:400VD,FREC: 50HZ, ISOLATION CLASS:F,D.OF PROTECTION:IP55, SVEDALA DRWG:1-0150 REF.:7.FOR: SVEDALA FILTER."",LEROY-SOMER";;;;;;;;;;;;;;;;;;;
"518449,310FL001 | 310FL002 | 310FL003 | 310FL004 | 310FL005,CORREA DESC FL001 CORREA DESC FL002 CORREA DESC FL003 CORREA DESC FL004 CORREA DESC FL005,""MOTOR DE ALTA MODEL LS-180L,RATED POWER 22KW,POLES:4,RPM:1500RPM, MOUNTING POS:B35/IM2001, MAINS VOLTS:400VD,FREC: 50HZ, ISOLATION CLASS:F,D.OF PROTECTION:IP55, SVEDALA DRWG:1-0150 REF.:7.FOR: SVEDALA FILTER."",LEROY-SOMER";;;;;;;;;;;;;;;;;;;
"80507,310FL001 | 310FL002 | 310FL003 | 310FL004 | 310FL005,CORREA DESC FL001 CORREA DESC FL002 CORREA DESC FL003 CORREA DESC FL004 CORREA DESC FL005,""MOTOR DE BAJA MODEL LS225ST,RATED POWER 37KW,POLES:4, RPM:1500, MOUNTING POSITIONB35/IM2001, VOLTS:400VD,FREC:50HZ,IS.CLAS:F, D.OF PROTECTION:IP55,SVEDALA DRWG:1-0150 REF:10.FOR:SVEDALA FILTERS."",LEROY-SOMER";;;;;;;;;;;;;;;;;;;
"451112,310FL001 | 310FL002 | 310FL003 | 310FL004 | 310FL005,CORREA DESC FL001 CORREA DESC FL002 CORREA DESC FL003 CORREA DESC FL004 CORREA DESC FL005,""MOTOR DE BAJA MODEL LS225ST,RATED POWER 37KW,POLES:4, RPM:1500, MOUNTING POSITIONB35/IM2001, VOLTS:400VD,FREC:50HZ,IS.CLAS:F, D.OF PROTECTION:IP55,SVEDALA DRWG:1-0150 REF:10.FOR:SVEDALA FILTERS."",LEROY-SOMER";;;;;;;;;;;;;;;;;;;
88823,310FL001 | 310FL002 | 310FL003 | 310FL004 | 310FL005,CORREA DESC FL001 CORREA DESC FL002 CORREA DESC FL003 CORREA DESC FL004 CORREA DESC FL005,MOTOR VIBRADOR TYPE 303S; N°294345; 475 WATT; 230V/1.59A; 400V/0.96A; 1500 RPM; 50/3 HZ; 65 IP.,DYNAPAC;;;;;;;;;;;;
"153536,310PP151 | 310PP153B | 310PP161 | 310PP162 | 311PP3303 | 311PP3304,PP TRANSF AGUA FILTRADA PP TRANSF AGUA FILTRADA,""MOTOR ELECTRICO TRIFASICO FACTOR SERVICIO 1.15, NEMA B,CLASE F,PARTIDA DIRECTA, TIPO CT, PARA OPERAR A 4500 M.S.N.M. PARA: ALMACENAMIENTO 310PP162"",US MOTOR";;;;;;;;;;;;;;;;;;;
"454942,310PP151 | 310PP153B | 310PP161 | 310PP162 | 311PP3303 | 311PP3304,PP TRANSF AGUA FILTRADA PP TRANSF AGUA FILTRADA,""MOTOR ELECTRICO TRIFASICO FACTOR SERVICIO 1.15, NEMA B,CLASE F,PARTIDA DIRECTA, TIPO CT, PARA OPERAR A 4500 M.S.N.M. PARA: ALMACENAMIENTO 310PP162"",US MOTOR";;;;;;;;;;;;;;;;;;;
80846,310PP152 | 312PP1501 | 310PP164 | 310PP167,PP ESPESADOR CONC PP BOMBA SUMIDERO,ELECTRIC MOTOR (40 HP) ( 3 PH) (50 HZ) (1490 RPM)(FRAME:364T) (TYPE:TCI) (SF:1. 15)(380 V)(58 AMP) FOR:TAG NO.:310PP151A /152A.,US MOTOR;;;;;;;;;;;;;;;;;;;
469551,310PP152 | 312PP1501 | 310PP164 | 310PP167,PP ESPESADOR CONC PP ESPESADOR CONC BOMBA FLUJO INFERIOR ESPESADOR DE CU FILTRADO,ELECTRIC MOTOR (40 HP) ( 3 PH) (50 HZ) (1490 RPM)(FRAME:364T) (TYPE:TCI) (SF:1. 15)(380 V)(58 AMP) FOR:TAG NO.:310PP151A /152A.,US MOTOR;;;;;;;;;;;;;;;;;;;
"166694,310PP151 | 310PP156 | 312PP1502 | 312PP1503,PP ESPESADOR CONC PP ESPESADOR CONC BOMBA FLUJO INFERIOR ESPESADOR DE CU FILTRADO,""MOTOR ELECTRICO 100 HP, 1480 RPM., FRAME 444T, TYPE TCE, TENSION 380 VOLT, FRECUENCIA 50 HZ, FASES 3, FACTOR DE SERVICIO 1.15, FACTOR DE POTENCIA 87.6, CORRIENTE 136 AMP.:PARA CORREA PUERTO  TAG 320CV027A MODELO : H16885 ENCL : TEFC RODAMIENTO EJE : 100BC02X3 RODAMIENTO VENTILADOR : 65BC03X3"",US MOTOR";;;;;;;;;;;;;;;;;;;
"457176,310PP151 | 310PP156 | 312PP1502 | 312PP1503,PP ESPESADOR CONC PP ESPESADOR CONC BOMBA FLUJO INFERIOR ESPESADOR DE CU FILTRADO,""MOTOR ELECTRICO 100 HP,1480 RPM."",";;;;;;;;;;;;;;;;;;;
80861,310PP153 | 310PP159,PP SUMIDERO ESPES PP ALIM TRATAM AGUAS,MOTOR ELÉCTRICO (3 PH)(50 HZ)(FRAME:365T)(TYPE:TCE) (SF:1.15)(MOD:H17569) FOR: TAG 150PP034A / 038A /042A . SERIE:A07A130017R-1,US MOTOR;;;;;;;;;;;;;;;;;;;
457010,310PP153 | 310PP159,PP SUMIDERO ESPES PP ALIM TRATAM AGUAS,MOTOR ELÉCTRICO (3 PH)(50 HZ)(FRAME:365T)(TYPE:TCE) (SF:1.15)(MOD:H17569) FOR: TAG 150PP034A / 038A /042A . SERIE:A07A130017R-1,US MOTOR;;;;;;;;;;;;;;;;;;;
80762,310PP1032,PP SUMID PLANT FILT,MOTOR ELÉCTRICO (3 PH)(50 HZ)(FRAME:285T) (TYPE:TCE)(SF:1.15)(MOD:H19952) FOR:TAG NO.: 160PP085A / 095A.,US MOTOR;;;;;;;;;;;;;;;;;;;
460741,310PP1032,PP SUMID PLANT FILT,MOTOR ELÉCTRICO REPARADO (3 PH)(50 HZ)(FRAME:285T) (TYPE:TCE)(SF:1.15)(MOD:H19952) FOR:TAG NO.: 160PP085A / 095A.,US MOTOR;;;;;;;;;;;;;;;;;;;
80804,310PP165 | 310PP166 | 700PP1631 | 700PP1632,,ELECTRIC MOTOR (30 HP)(3 PH)(50 HZ)(FRA ME:326TS)(TYPE:TCE)(SF:1.15)(380 V) (41 AMP) FOR:TAG NO.:310PP165A/166A.,;;;;;;;;;;;;;;;;;;;
456996,310PP165 | 310PP166,,ELECTRIC MOTOR REPARADO (30 HP)(3 PH)(50 HZ)(FRA ME:326TS)(TYPE:TCE)(SF:1.15)(380 V) (41 AMP) FOR:TAG NO.:310PP165A/166A.,;;;;;;;;;;;;;;;;;;;
469551,,PP SUMID TK ALM. CONCEN,MOTOR ELÉCTRICO REPARADO (3 PH)(50 HZ)(FRAME:285T) (TYPE:TCE)(SF:1.15)(MOD:H19952) FOR:TAG NO.: 160PP085A / 095A.,US MOTOR;;;;;;;;;;;;;;;;;;;
80788,310PP171 | 350PP175 | 350PP176,,MOTOR ELÉCTRICO (3 PH)(50 HZ)(FRAME:324TS) (TYPE:TCE)(SF:1.15)(MOD:H17042) FOR:TAG NO.: 350PP175A/176A.,US MOTOR;;;;;;;;;;;;;;;;;;;
513200,310PP171 | 350PP175 | 350PP176,,MOTOR ELÉCTRICO REPARADO (3 PH)(50 HZ)(FRAME:324TS) (TYPE:TCE)(SF:1.15)(MOD:H17042) FOR:TAG NO.: 350PP175A/176A.,US MOTOR;;;;;;;;;;;;;;;;;;;
80697,310PP173 | 310PP174 | 350PP181 | 350PP182,PP AGUA PROCESO PP AGUA PROCESO,MOTOR ELÉCTRICO (3 PH)(50HZ)(FRAME:254T) (TIPO:TCE)(SF:1.15) FOR:160FA015A/ 160PP060A/061A/063A/064A/228A/229A 350PP181/182.,US MOTOR;;;;;;;;;;;;;;;;;;;
80820,310TM008 | 312TM1501,MEC ESPESADOR CONCEN,MOTOR ELÉCTRICO (3 PH)(50 HZ)(FRAME:326TC)(TYPE:TCE) (SF:1.15) FOR:TAG NO.:170TM001A/001B/002A/002B; 180TM006A;310TM008A.,US MOTOR;;;;;;;;;;;;;;;;;
457002,310TM008 | 312TM1501,MEC ESPESADOR CONCEN,MOTOR ELÉCTRICO REPARADO (3 PH)(50 HZ)(FRAME:326TC)(TYPE:TCE) (SF:1.15) FOR:TAG NO.:170TM001A/001B/002A/002B; 180TM006A;310TM008A.,US MOTOR;;;;;;;;;;;;;;;;;
336487,311PP1026 | 311PP1027 | 311PP1028 | 311PP1029,PP ALIMENT FILTROS PP ALIMENT FILTROS PP ALIMENT FILTROS,MOTOR ELECTRICO PARA TREN DE BOMBAS ASH-VULCO DE ALIMENTACION A FILTROS DE PRENSA SVEDALA ID # : H04-41077596-100R HP :150 INSUL CLASS : F FRAME:449T DUTY : CONT RPM : 1485 WT : 2400 LB TYPE : JCE SF : 1.15 ENCL : TE HZ : 50 FASES: 3 CODE : H VOLT : 380 DES: : A AMP : 209 MAX KVAR : 33.6 EFF NOMINAL : 95.0 FACTOR POT : 58.6 SHAFT BRG : C2220 OPP BRG : 100 BC 02J3 MAX. AMB : 40? C,US MOTORS;;;;;;;;;;;;;;;;;;;
460295,311PP1026 | 311PP1027 | 311PP1028 | 311PP1029,PP ALIMENT FILTROS PP ALIMENT FILTROS PP ALIMENT FILTROS,MOTOR ELECTRICO PARA TREN DE BOMBAS REPARADO ASH-VULCO DE ALIMENTACION A FILTROS DE PRENSA SVEDALA ID # : H04-41077596-100R HP :150 INSUL CLASS : F FRAME:449T DUTY : CONT RPM : 1485 WT : 2400 LB TYPE : JCE SF : 1.15 ENCL : TE HZ : 50 FASES: 3 CODE : H VOLT : 380 DES: : A AMP : 209 MAX KVAR : 33.6 EFF NOMINAL : 95.0 FACTOR POT : 58.6 SHAFT BRG : C2220 OPP BRG : 100 BC 02J3 MAX. AMB : 40? C,US MOTORS;;;;;;;;;;;;;;;;;;;
"346619,311PP1030 | 311PP1031 | 311PP1033 | 350PP182 | 740DR159603,BOMBA AGUA DE SELLO FILTRADO (1030-1031-1032),""MOTOR ELECTRICO 2 HP 1475 RPM FR 182T, TYPE CE, ENCL TE, INSUL F,380V, 3.4 AMP, SF 1.15, KVAR 1.2 EFF 89.5, PF 58.2, CODE M, DES B, ID J02-04659550-100-M S08 001,BOMBA DE LLENADO Y DRENAJE DE ACEITE 740DR15012-03, MUESTREADORES PRIMARIOS AREA 312SA1503/1508.PLANTA DE MOLIBDENO PUERTO PATACHE"",US MOTOR";;;;;;;;;;;;;;;;;;;
"342741,311PP1032 | 710PP1512 | 710PP1513,BOMBA PISO SUMIDERO SECTOR LOSA TREN DE BBA FILTRADO BOMBA DESCARGA PRIMERA LIMPIEZA,""MOTOR ELECTRICO US MOTORS, ID:J08-20015499-100R-01. PARA:BOMBA AIMENTACION 1RA LIMPIEZA TAG 710PP1508 Y 1509 ALIMENTACION 2DA.LIMPIEZA TAG 710PP1512 Y 1513 AGITADOR ESTANQUE TAG 710TK1512 BOMBAS DE REBOSE ESPESADOR TAG 740PP1615 Y 1616 AGITADOR LAVADOR DE GACES TAG 740DC1596"",WEG";;;;;;;;;;;;;;;;;;;
"595991,311PP1032 | 710PP1512 | 710PP1513,BOMBA PISO SUMIDERO SECTOR LOSA TREN DE BBA FILTRADO BOMBA DESCARGA PRIMERA LIMPIEZA,""MOTOR ELECTRICO US MOTORS, ID:J08-20015499-100R-01. PARA:BOMBA AIMENTACION 1RA LIMPIEZA TAG 710PP1508 Y 1509 ALIMENTACION 2DA.LIMPIEZA TAG 710PP1512 Y 1513 AGITADOR ESTANQUE TAG 710TK1512 BOMBAS DE REBOSE ESPESADOR TAG 740PP1615 Y 1616 AGITADOR LAVADOR DE GACES TAG 740DC1596"",WEG";;;;;;;;;;;;;;;;;;;
"80911,311PP1180,BOMBA SUMIDERO PLANTA FILTRADO,""MOTOR ELÉCTRICO (445T,FR)(TYPE:TCI) (SF:1.15) FOR: TAG NO.:320CV025."",US MOTOR";;;;;;;;;;;;;;;;;;;
"457036,311PP1180,BOMBA SUMIDERO PLANTA FILTRADO,""MOTOR ELÉCTRICO (445T,FR)(TYPE:TCI) (SF:1.15) FOR: TAG NO.:320CV025."",US MOTOR";;;;;;;;;;;;;;;;;;;
"342790,311PP1181 | 311PP1182,BOMBA ALIMENTACIÓN AGUA LAVADO TELAS FILTRADO BOMBA DISTRIBUCIÓN AGUA FILTRADA,""MOTOR ELECTRICO MARCA US MOTORS 50 HP 2970 RPM , FRAME 365T, 380 VOLTS 67 AMPERES,ID:J04 20018903-100R-02. PARA BOMBAS DE DISTRIBUCION DE AGUA FILTRADA PLANTA DE MOLIBDENO PUERTO PATACHE"",US MOTOR";;;;;;;;;;;;;;;;;;;
"342733,710PP1508 | 710PP1509 | 710PP1611 | 710PP1617 | 710PP1619 | 740PP1614 | 740PP1635,BOMBA TRANSFERENCIA DE AGUA FILTRADO (3303-3304) BOMBA ALIMENTACIÓN 1ERA LIMPIEZA (1508-1509) BOMBA DE PISO 1ERA LIMPIEZA (1611) BOMBA DE PISO LIMPIEZA FINAL(1617) BOMBA MUESTREO RELAVES ROUGHER (1919) BOMBA PISO ESPESADOR MOLY (1914) BOMBA PISO FILTRO MOLY (1635),""MOTOR ELECTRICO US MOTORS 40 HP 1485RPM FRAME 364T, 50HZ, SF1.15, TYPE CE, ENCL TE ,+ INSUL F, CODE H,DES B , KVAR 10.1 , EFF 95, PF 86 , ROD EJE 65RN03J3OD6 , ROD VENT 65BC03J3"",US MOTOR";;;;;;;;;;;;;;;;;;;
"346924,312AG1504,AGITADOR TK ALMACENAMIENTO CONCENTRADO FILTRADO,""MOTOR ELECTRICO 40 HP FR 364T,TYPE TCE ENCL TE, INSUL F, CODE F, DES B,380 V, 55 AMP 1465 RPM, 6.1 KVAR, 94.5 EFF, 87.1 PF, ID #J03-30022199-100R-01 PARA AGITADOR ESTANQUE ALMACENAMIENTO CC MIXT PLANTA DE MOLIBDENO PUERTO PATACHE"",US MOTOR";;;;;;;;;;;;;;;;;;;
"745675,312AG1504,AGITADOR TK ALMACENAMIENTO CONCENTRADO FILTRADO,""MOTOR ELECTRICO REPARADO 40 HP FR 364T,TYPE TCE ENCL TE, INSUL F, CODE F, DES B,380 V, 55 AMP 1465 RPM, 6.1 KVAR, 94.5 EFF, 87.1 PF, ID #J03-30022199-100R-01 PARA AGITADOR ESTANQUE ALMACENAMIENTO CC MIXT PLANTA DE MOLIBDENO PUERTO PATACHE"",US MOTOR";;;;;;;;;;;;;;;;;;;
"370163,312PP1504 | 312PP1505,BOMBA TRANSFERENCIA PLANTA DE MOLY,""MOTOR ELECTRICO,60 HP,380V,82A,1485 RPM, TYPE:CE,ENCL:TE,INS:F,FRAME:405T,CODE:G, DES:B,SF:1.15,13.8 KVAR,95.4EFF,87.3FP, ID#J02 82000326-100-01"",US MOTOR";;;;;;;;;;;;;;;;;;;
"335570,312PP1504 | 312PP1505,BOMBA TRANSFERENCIA PLANTA DE MOLY,""ELECTRIC MOTOR 60HP, 1490RPM,FRAME 405T, TYPE=CE,ENCLOSURE=TE,PH=3,MAX.TEMP. AMB. 40GRD.C, INS.C=F, DUTY= CONT,HP=60,RPM= 1485, SF=1.5,HZ=50, VOLTS=380, MAX. KVAR =13.8, NEMA NOM EFF=95.4,GUARANTED EFF= 94.5, AMPS=82, S.F. AMPS=94, PF=87.3, CODE=G, DES=B, 80C RISE/RES AT 1.0 SF. PARA CORREA 141CV1039 Y WINCHE CORREA 115CV205."",US MOTOR";;;;;;;;;;;;;;;;;;;
"80895,312PP1504 | 312PP1505,BOMBA TRANSFERENCIA PLANTA DE MOLY,""MOTOR ELÉCTRICO REPARADO (60 HP)(3 PH)(50 HZ)(405T,FR)(TYPE:TCE) (SF:1.15) (380 V)(81 AMP)(1485 RPM)(MOD:H13574) FOR:TAG NO.:310PP157A/158A."",US MOTOR";;;;;;;;;;;;;;;;;;;
"530436,312PP1506 | 312PP1507,BOMBA VERTICAL PISCINA 7000(1506) BOMBA SUMERGIBLE PISCINA 7000 (1507),""Marca: Weir Hazleton Modelo: 280-50-1500 / 4-14 SHW, 50HP, 67[A], 1500 RPM, 380V, 50Hz, Frame: 280TY. Flujo: 150 M3/hr. SHW 4-14"",";;;;;;;;;;;;;;;;;;;
"762525,314AG204,FILTRO 6,""MOTOR ELÉCTRICO W22 HIGH EFFICIENCY 20HP 4 POLOS IEC IE2 FRAME 160M 380V 50HZ CAJA DE CONEXIÓN SUPERIOR CLASE F F.S. 1,15 CONSIDERA FLANGE TIPO FF (A) Y KIT IP66"",WEG";;;;;;;;;;;;;;;;;;;
761720,314CP202 | 314CP203 | 314CP204 | 314CP205,COMPRESOR,VENTILADOR RADIAL,ATLAS COPCO;;;;;;;;;;;;;;;;;;;
767648,314FE201,FEEDER,MOTOR ELÉCTRICO 37KW/50HP FEEDER 0201 TIPO MOTOR 1CV3222B CORRIENTE NOM 70 A/ TENSIÓN NOM 400V/ 4P FRAME 225M FL RPM 1478/ FL EFFICIENCY 94.5% ANCLAJE IM B35/ IM3001 CLASE TERMICA F/ IP65 S.F 1.15 TIPO DE SERVICIO S1 SENTIDO DE GIRO BIDIRECCIONAL AMB TEMP. +40°C A -20°C/ ALTITUD 1000 M POSICIÓN CAJA: SUPERIOR RODAMIENTOS: 6213 Z C3 [DE] 6213 Z C3 [NDE] TIPO DE RODAMIENTO: RODAMIENTO NDE,INNOMOTICS;;;;;;;;;;;;;;;;;;;
766225,314HU0201M1 | 314HU0201M2,UNIDAD HIDRAULICA 201,MOTOR ELÉCTRICO 22KW/30HP TIPO MOTOR 1CV3184B CORRIENTE NOM 43.5 A/ TENSIÓN NOM 400V/ 4P FRAME 180L FL RPM 1470/ FL EFFICIENCY 93% ANCLAJE IM B35/ IM2001 CLASE TERMICA F/ IP65 S.F 1.15 TIPO DE SERVICIO S1 SENTIDO DE GIRO BIDIRECCIONAL AMB TEMP. +40°C A -20°C/ ALTITUD 1000 M POSICIÓN CAJA: SUPERIOR RODAMIENTOS: 6210 2Z C3 [DE] 6210 2Z C3 [NDE] TIPO DE RODAMIENTO: RODAMIENTO NDE MOTOR M1-M2 314UH0201,INNOMOTICS;;;;;;;;;;;;;;;;;;;
"766452,314HU0201M3 | 314HU0201M4 | 314HU0201M5 | 314HU0201M6,UNIDAD HIDRAULICA 201,""MOTOR ELÉCTRICO 30KW/40HP TIPO MOTOR 1CV3205B CORRIENTE NOM 58 A/ TENSIÓN NOM 400V/ 4P FRAME 200L FL RPM 1470/ FL EFFICIENCY 93,6% ANCLAJE IM B35/ IM2001 CLASE TERMICA F/ IP65 S.F 1.15 TIPO DE SERVICIO S1 SENTIDO DE GIRO BIDIRECCIONAL AMB TEMP. +40°C A -20°C/ ALTITUD 1000 M POSICIÓN CAJA: SUPERIOR RODAMIENTOS: 6212 2Z C3 [DE] 6212 2Z C3 [NDE] TIPO DE RODAMIENTO: RODAMIENTO NDE MOTOR M3-M4-M5-M6 314UH0201"",INNOMOTICS";;;;;;;;;;;;;;;;;;;
"766451,314HU0201M7 | 314HU0201M8,UNIDAD HIDRAULICA 201,""MOTOR ELÉCTRICO 4KW/5HP TIPO MOTOR 1CV3112B CORRIENTE NOM 8,4 A/ TENSIÓN NOM 400V/ 4P FRAME 112M FL RPM 1460/ FL EFFICIENCY 88,6% ANCLAJE IM B5/ IM3001 CLASE TERMICA F/ IP65 S.F 1.15 TIPO DE SERVICIO S1 SENTIDO DE GIRO BIDIRECCIONAL AMB TEMP. +40°C A -20°C/ ALTITUD 1000 M POSICIÓN CAJA: SUPERIOR RODAMIENTOS: 6206 2Z C3 [DE] 6206 2Z C3 [NDE] TIPO DE RODAMIENTO: RODAMIENTO NDEMOTOR M7-M8 314UH0201"",INNOMOTICS";;;;;;;;;;;;;;;;;;;
"766450,314HU0201M9,UNIDAD HIDRAULICA 201,""MOTOR ELÉCTRICO 1.5KW TIPO MOTOR 1AV3104C CORRIENTE NOM 3,8 A/ TENSIÓN NOM 400V/ 6P FRAME 100L FL RPM 970/ FL EFFICIENCY 82,5% ANCLAJE IM B14/ IM3601 CLASE TERMICA F/ IP65 S.F 1.15 TIPO DE SERVICIO S1 SENTIDO DE GIRO BIDIRECCIONAL AMB TEMP. +40°C A -20°C/ ALTITUD 1000 M POSICIÓN CAJA: SUPERIOR RODAMIENTOS: 6206 2Z C3 [DE] 6206 2Z C3 [NDE] TIPO DE RODAMIENTO: RODAMIENTO NDE MOTOR M9 314UH0201"",INNOMOTICS";;;;;;;;;;;;;;;;;;;
"766479,314HU0202M1 | 314HU0202M2,UNIDAD HIDRAULICA 202,""MOTOR ELÉCTRICO 37 KW TIPO MOTOR 1CV3222B CORRIENTE NOM 69 A/ TENSIÓN NOM 400V/ 4P FRAME 225M FL RPM 1478/ FL EFFICIENCY 94,2% ANCLAJE IM B3/ IM1001 CLASE TERMICA F/ IP65 S.F 1.15 TIPO DE SERVICIO S1 SENTIDO DE GIRO BIDIRECCIONAL AMB TEMP. +40°C A -20°C/ ALTITUD 1000 M POSICIÓN CAJA: SUPERIOR RODAMIENTOS: 6213 2Z C3 [DE] 6213 2Z C3 [NDE] TIPO DE RODAMIENTO: RODAMIENTO NDE MOTOR M1-M2 314UH0202"",INNOMOTICS";;;;;;;;;;;;;;;;;;;
"766448,314HU0202M3 | 314HU0202M4,UNIDAD HIDRAULICA 202,""MOTOR ELÉCTRICO 2,2KW TIPO MOTOR 1CV3104B CORRIENTE NOM 4,7 A/ TENSIÓN NOM 400V/ 4P FRAME 100L FL RPM 1455/ FL EFFICIENCY 86,7% ANCLAJE IM V1/ IM3011 CLASE TERMICA F/ IP65 S.F 1.15 TIPO DE SERVICIO S1 SENTIDO DE GIRO BIDIRECCIONAL AMB TEMP. +40°C A -20°C/ ALTITUD 1000 M POSICIÓN CAJA: SUPERIOR RODAMIENTOS: 6206 2Z C3 [DE] 6206 2Z C3 [NDE] TIPO DE RODAMIENTO: RODAMIENTO NDE MOTOR M3-M4 314UH0202"",INNOMOTICS";;;;;;;;;;;;;;;;;;;
"766447,314HU0202M5,UNIDAD HIDRAULICA 202,""MOTOR ELÉCTRICO 0,37KW TIPO MOTOR 1CV3073B CORRIENTE NOM 1,04 A/ TENSIÓN NOM 400V/ 4P FRAME 71M FL RPM 1410 / FL EFFICIENCY 77,3% ANCLAJE IM B14/ IM3601 CLASE TERMICA F/ IP65 S.F 1.15 TIPO DE SERVICIO S1 SENTIDO DE GIRO BIDIRECCIONAL AMB TEMP. +40°C A -20°C/ ALTITUD 1000 M POSICIÓN CAJA: SUPERIOR RODAMIENTOS: 6202 2Z C3 [DE] 6202 2Z C3 [NDE] TIPO DE RODAMIENTO: RODAMIENTO NDE MOTOR M5 314UH0202"",INNOMOTICS";;;;;;;;;;;;;;;;;;;
754022,314PP201 | 314PP202,FILTRO 6,MOTOR ELÉCTRICO,BALDOR;;;;;;;;;;;;;;;;;;;
757756,314PP203 | 314PP204,FILTRO 6,MOTOR ELÉCTRICO,US MOTORS;;;;;;;;;;;;;;;;;;;
686196,314PP205,FILTRO 6,MOTOR ELÉCTRICO,WEG;;;;;;;;;;;;;;;;;;;
762194,314PP206 | 314PP207,FILTRO 6,MOTOR ELÉCTRICO,SIEMENS;;;;;;;;;;;;;;;;;;;
754024,314PP210 | 314PP211,FILTRO 6,MOTOR ELÉCTRICO,BALDOR;;;;;;;;;;;;;;;;;;;
"80663,320BM001C | 320BM001D,PORTAL DESPLAZAMIENTO,""MOTORES PARA SISTEMA DE DESPLAZAMIENTO DEL PORTAL, MONTADOS EN BOGIES MOTRICES. CARACTERISTICAS: ELECTRIC MOTOR (5 HP)(3 PH)(50 HZ)(FRAME:215TC)(380 V)(7.5 AMP)(TYPE:TCI)(SF: 1.15)(1465 RPM) TAG MOTOR: 320BM001C/001D"",US MOTORS";;;;;;;;;;;;;;;;;;;
"212969,320BM001E,RASTRA PRINCIPAL,""MOTOR ACCIONAMIENTO VELOCIDAD RAPIDA DEL WINCHE DE LA RASTRA PRINCIPAL DEL PORTAL RECLAIMER CARACTERISTICAS: MOTOR ELECTRICO TYPE: KBH,FRAME: 200B ENCL: TEFC,N?: S 43818359,VOLTS:380, AMPERAJE: 72, 50 HZ, HP: 38, RPM: 955, 071 PF. TAG MOTOR 320BM001E"",DEMAG";;;;;;;;;;;;;;;;;;;
"171777,320BM01,ENROLLADOR CABLE PORTAL,""MOTOR DEL CARRETE ENROLLADOR DEL CABLE DE ALIMENTACION ELECTRICA AL PORTAL RECLAIMER CARACTERISTICAS: MOTOR ELECTRICO 3 HP 1425 RPM 380 V MOTOR ELECTRICO FRAME 182C,SERIE F 89.7 3 HP, 220/380/440 VOLTS,7.8/4.4/3.9 AMP 50HZ, CLASS F,PF 85, EFF:84 DES B. TAG MOTOR: 320BM001I"",BALDOR";;;;;;;;;;;;;;;;;;;
"742584,320BM01,ENROLLADOR CABLE PORTAL,""REPARADO MOTOR DEL CARRETE ENROLLADOR DEL CABLE DE ALIMENTACION ELECTRICA AL PORTAL RECLAIMER CARACTERISTICAS: MOTOR ELECTRICO 3 HP 1425 RPM 380 V MOTOR ELECTRICO FRAME 182C,SERIE F 89.7 3 HP, 220/380/440 VOLTS,7.8/4.4/3.9 AMP 50HZ, CLASS F,PF 85, EFF:84 DES B. TAG MOTOR: 320BM001I"",BALDOR";;;;;;;;;;;;;;;;;;;
"339119,320BM01,HUINCHE RASTRA PRINCIPAL,""WINCHE PARA RASTRA PRINCIPAL, RECLAMADO DE CONCENTRADO PUERTO PATCHE TIPO : DH 1040 H4KV3 6/1 F10 CAPACIDAD DE CARGA : 25000 KG DIAMETRO CABLE DE ACERO : 20 MM CLASIFICACION DIN/FEM :2M VELOCIDAD DE LEVANTE :6 Y 0,6 M/MIN. MOTOR DE LEVANTE PRINCIPAL: KBH200B6-28,5 KW-40%FM MOTOR DE LEVANTE SECUNDARIO : KBA100B4-3,50 KW-25%FM REDUCTOR SECUNDARIO : FG10 != 15,7 TENSION DE SERVICIO : 380V/50HZ PROTECCION AMBIENTAL : IP55 AISLACION DE MOTORES ELECTRICOS:CLASE F PESO APROXIMADO : 1.155 KG"",DEMAG";;;;;;;;;;;;;;;;;;;
"344168,320CV025 | 740FL150102 | 740FL150103,CORREA FILTRO,""MOTOR ELECTRICO 150 HP 1475 RPM, FRAME 447T, 380 VOLT, 202 AMP,ID:ORDER 30024004, TYPE: SO, LINE # 100. PARA BOMBA DE VACIO FILTRO DE SECADO DE MOLIBDENO, PLANTA DE MOLIBDENO PUERTO PATACHE"",US MOTORS";;;;;;;;;;;;;;;;;;;
"743305,320CV025 | 740FL150102 | 740FL150103,CORREA FILTRO,""MOTOR ELECTRICO REPARADO 150 HP 1475 RPM, FRAME 447T, 380 VOLT, 202 AMP,ID:ORDER 30024004, TYPE: SO, LINE # 100. PARA BOMBA DE VACIO FILTRO DE SECADO DE MOLIBDENO, PLANTA DE MOLIBDENO PUERTO PATACHE"",US MOTORS";;;;;;;;;;;;;;;;;;;
102996,320CV025A,,MOTOR,DEMAG;;;;;;;;;;;;;;;;;;;
"759772,320CV027,PESOMETRO CV27,""MOTOR HUINCHE CADENA PESÓMETRO MOTOR ASÍNCRONO CON FRENO 3FASES, 380VAC POTENCIA 3 HP /2,2KW MODELO DRN112M6/BE5/FF FRECUENCIA 50 HZ POSICIÓN DE MONTAJE IM B5 POSICIÓN CAJA BORNAS/ENTRA. CABLES 0 ( R)/NORMAL EXTREMO EJE SALIDA 28X60mm BRIDA FF215 D250 VELOCIDAD DE MOTOR A 973 RPM TIPO SERVICIO S1-S10: S1 TENSIÓN DE MOTOR / CONEXIÓN: 220/380- TRIANGULO/ESTRELLA CORRIENTE NOMINAL 9,90/5,80 COSՓ 0,66 TIPO DE AISLAMIENTO/IP: 155(F) /55 ESQUEMA DE CONEXIONES R13/ 680010306 50/75/100% Pn [%]: 83,6 / 85,0 / 84,3 FRENO BE5 TENSIÓN FRENO [V]- PAR [Nm] RECTIFICADOR DE FRENO: BGE 1.5 ESQUEMA DE CONEXIONES FRENO B100 / 690010106 CAJAS DE BORNAS: PARTE INFERIOR CAJA DE BORNAS DE ALUMINIO CON AGUJEROS ROSCADOS DE 2XM32, 1XM16"",SEW EURODRIVE";;;;;;;;;;;;;;;;;;;
"VERIFICAR,320CV027 | 320CV026 | 320CV027A,CORREA EMBARQUE,""MOTOR 125HP, 167A, IP55 NEMA NOM EFF 95.4 % ENCL TEFC DUTY CONT CODE H DES B SF 1.15, SFA 192 RP 0.86"",WEG";;;;;;;;;;;;;;;;;;;
"SIN CODIGO,320FA036 | 320FA037 | 320FA039,VENTILADO COLECTO DE POLVO (036-037-039),""MOTOR ELÉCTRICO 10HP, 2955 rpm, 380V, 50Hz, 14,4 [A], Motor Jaula de ardilla. Rod. Eje 6309-2Z-J/C3 Rod Vent 6307-2Z-J/C3"",US MOTOR";;;;;;;;;;;;;;;;;;;
"SIN CODIGO,320FA201,,""MOTOR ELÉCTRICO 180HP, 1782 rpm, 3300V, 50Hz, 29 [A], Motor Jaula de ardilla. AISL F, Nr 128280 Ip/In =7, peso 1408 kg."",WEG";;;;;;;;;;;;;;;;;;;
"SIN CODIGO,320ZM014 | 320ZM045,,""MOTOR DE VÁLVULA ROTATORIA 1HP, 1430 rpm, 380V, 50Hz, 1,9 [A], Motor Jaula de ardilla. Rod. Eje 6203-2Z Rod. Vent. 6203-2Z"",US MOTOR";;;;;;;;;;;;;;;;;;;
"SIN CODIGO,320ZM014 | 320ZM045,,""MOTOR DE TORNILLO SIN FIN 3HP, 1465 rpm, 380V, 50Hz, 4,80 [A], Motor Jaula de ardilla. Rod. Eje 30BC02J3 Rod. Vent. 30BC02J3"",US MOTOR";;;;;;;;;;;;;;;;;;;
"469668,320ZM201A | 320ZM202A,,""MOTOR VÁLVULA ROTATORIA 550W, 1380 rpm, 380V, 50Hz, 1,63 [A], 300 Nm, Tipo lubr.SOVG220 mineral Cant.0,70 litros Identif. Grasa EP 2"",SEW EURODRIVE";;;;;;;;;;;;;;;;;;;
"80978,322FA3301,EXTRACTOR AIRE COLECTOR POLVO,""MOTOR ELÉCTRICO 150HP, 1475 rpm, 380V, 50Hz, 201 [A], Motor Jaula de ardilla. Rod. Eje 6220-J/C3 Rod Vent 6220-J/C3"",US MOTORS";;;;;;;;;;;;;;;;;;;
"SIN CODIGO,322ZM3301 | 322ZM3302,,""MOTOR DE VÁLVULA ROTATORIA 1HP, 1480 rpm, 380V, 50Hz, 2,91 [A], Motor Jaula de ardilla. Rod. Eje 25BC02J30X Rod. Vent. 25BC02J30X"",Reliance Electric";;;;;;;;;;;;;;;;;;;
"SIN CODIGO,322ZM3301 | 322ZM3302,,""MOTOR DE TORNILLO SIN FIN 10HP, 1480 rpm, 380V, 50Hz, 17,6 [A], Motor Jaula de ardilla. Rod. Eje 15BC03J20X Rod. Vent. 15BC03J20X"",Reliance Electric";;;;;;;;;;;;;;;;;;;
"754857,332SH001,SHIPLOADER,""MOTOR ELECTRICO 380/3/50 55 KW 75HP750/1500RPM, MODELO CT075308W2N440B01S"",TIMBERLAND EQUIPMENT WEG";;;;;;;;;;;;;;;;;;;
"754874,332SH001,SHIPLOADER,""MOTOR ELECTRICO 400 VAC 8,5 KW 1480 RPM"",";;;;;;;;;;;;;;;;;;;
754444,332ST3315,MOTOR HIDRAULICO SHIPLOADER,MOTOR HIDRAULICO SHIPLOADER,;;;;;;;;;;;;;;;;;;;
"47522,350PP179 | 350PP180,BOMBA DE AGUA POTABLE,""MOTOR ELÉCTRICO H15832, 20 HP, 2965 rpm, 380V, 50Hz, 27Amp, Trifásico, Motor Jaula de ardilla, Frame 286TS Rod. eje 6310-2Z-JC3 Rod. vent. 6210-2Z-JC3"",US MOTOR";;;;;;;;;;;;;;;;;;;
"456806,350PP179 | 350PP180,BOMBA DE AGUA POTABLE,""MOTOR ELÉCTRICO REPARADO H15832, 20 HP, 2965 rpm, 380V, 50Hz, 27Amp, Trifásico, Motor Jaula de ardilla, Frame 286TS Rod. eje 6310-2Z-JC3 Rod. vent. 6210-2Z-JC3"",US MOTOR";;;;;;;;;;;;;;;;;;;
"80994,350PP183 | 350PP184 | 350PP185 | 350PP186,BOMBAS DE IMPULSIÓN A FORESTACIÓN,""MOTOR ELÉCTRICO H15855, 125 HP, 2975 rpm, 380V, 50Hz, 164 [A], SF 1,15 motor Jaula de ardilla, Frame 449T ELECTRIC MOTOR (125 HP) (3 PH) (50 HZ) (FRAME:449T TE)(380 V)(164 AMP)(TYPE:JC E)(SF:1.15)(2975 RPM) FOR:TAG NO:350PP1 83A/184A/185A."",US MOTOR";;;;;;;;;;;;;;;;;;;
"460311,350PP183 | 350PP184 | 350PP185 | 350PP186,BOMBAS DE IMPULSIÓN A FORESTACIÓN,""MOTOR ELÉCTRICO REPARADO H15855, 125 HP, 2975 rpm, 380V, 50Hz, 164 [A], SF 1,15 motor Jaula de ardilla, Frame 449T ELECTRIC MOTOR (125 HP) (3 PH) (50 HZ) (FRAME:449T TE)(380 V)(164 AMP)(TYPE:JC E)(SF:1.15)(2975 RPM) FOR:TAG NO:350PP1 83A/184A/185A."",US MOTOR";;;;;;;;;;;;;;;;;;;
"27318,350PP200,BOMBA DE AGUA POTABLE,""MOTOR ELÉCTRICO Modelo: H15808, 3 HP, 1470 rpm, 380V, 50Hz, 5[A], 3 Fases, Frame 184T, Motor Jaula de ardilla. Rod. Eje 6206-2Z-J/C3 Rod.Vent.6205-2Z-J/C3 ELECTRIC MOTOR (3 HP)(3 PH)(50 HZ)(FRAME 184TC)(TYPE:TCE)(SF:1.15)(380 VOLTS)(RPM 1470)(5.0 AMPS) FOR: KRUPP ROBINS BELT FEEDERS."",US MOTOR";;;;;;;;;;;;;;;;;;;
? TENEMOS INFORMACIÓN?,352PP3335,,,;;;;;;;;;;;;;;;;;;;
353094,700PP1625 | 700PP1626 | 700PP1627 | 700PP1628 | 700PP1824,BOMBA ALIM. AGUA DE PROCESO (1625-1626-1628-1824) BOMBA AGUA PROCESO (1627),MOTOR ELECTRICO 125HP; 380VOLTS;1485RPM FRAME:447T; TIPO CE; ENCL. TE; PH 3; MAX AMB: 40?C; INS CLASS: F; DUTY: CONT; SF 1.15; HZ 50; NEMA NOM EFF:95.4; GUARANTEED EFF: 94.5; AMP:168; S.F. AMP: 194; PF 88.5;CODE H;DES B;FAMILY:841PLUS 80C RISE/RES AT 1.0 SF; ID# 604 02158191-100R-1. PARA CORREA 141-CV-1037/1038,US MOTOR
457309,700PP1625 | 700PP1626 | 700PP1627 | 700PP1628 | 700PP1824,BOMBA ALIM. AGUA DE PROCESO (1625-1626-1628-1824) BOMBA AGUA PROCESO (1627),MOTOR ELECTRICO 125HP; REPARADO 380VOLTS;1485RPM FRAME:447T; TIPO CE; ENCL. TE; PH 3; MAX AMB: 40?C; INS CLASS: F; DUTY: CONT; SF 1.15; HZ 50; NEMA NOM EFF:95.4; GUARANTEED EFF: 94.5; AMP:168; S.F. AMP: 194; PF 88.5;CODE H;DES B;FAMILY:841PLUS 80C RISE/RES AT 1.0 SF; ID# 604 02158191-100R-1. PARA CORREA 141-CV-1037/1038,US MOTOR
758709,700PP1629,,MOTOR ELECTRICO FRAME 280 M IMB3 IP55 VOLTAJE 400V POTENCIA 90KW 3000 RPM;EFICIENCIA IE1,;;;;;;;;;;;;;;;;;;
744060,700PP1629,,MOTOR ELECTRICO FRAME 280 M IMB3 IP55 VOLTAJE 400V POTENCIA 90KW 3000 RPM;EFICIENCIA IE1,;;;;;;;;;;;;;;;;;;
759368,700PP1629,,MOTOR ELECTRICO FRAME 280 M IMB3 IP55 VOLTAJE 400V POTENCIA 90KW 3000 RPM;EFICIENCIA IE1,;;;;;;;;;;;;;;;;;;
"762520,710AG1501 | 710AG1504,AGITADOR,""MOTOR ELÉCTRICO W22 HIGH EFFICIENCY 3HP 4 POLOS TEFC FRAME 100L 380V 50HZ CLASE F F.S. 1,15 IP55"",WEG";;;;;;;;;;;;;;;;;;;
"346379,710AG1518 | 710AG1521,AGITADOR TK ALIM. 3RA Y 4TA LIMPIEZA,""MOTOR ELECTRICO,10 HP,1480 RPM,FR 254 T TYPO TCE,ENCL TE, CODIGO H, DES B,380 V 15.1 AMP SF 1.15, 50 HZ, 3.6 KVAR 92.7 EFF,81.2 PF,ID J02-004659317-100-MS06001 PARA AGITADOR ESTANQUE MOLIBDENO TAG 710AG1518, PLANTA DE MOLIBDENO PUERTO PATACHE"",US MOTOR";;;;;;;;;;;;;;;;;;;
"454926,710AG1518 | 710AG1521,AGITADOR TK ALIM. 3RA Y 4TA LIMPIEZA,""REPARADO MOTOR ELECTRICO,10 HP,1480 RPM,FR 254 T TYPO TCE,ENCL TE, CODIGO H, DES B,380 V 15.1 AMP SF 1.15, 50 HZ, 3.6 KVAR 92.7 EFF,81.2 PF,ID J02-004659317-100-MS06001 PARA AGITADOR ESTANQUE MOLIBDENO TAG 710AG1518, PLANTA DE MOLIBDENO PUERTO PATACHE"",US MOTOR";;;;;;;;;;;;;;;;;;;
346379,710AG1518,AGITADOR TK,,;;;;;;;;;;;;;;;;;;;
454926,710AG1518,AGITADOR TK,,;;;;;;;;;;;;;;;;;;;
759529,710AG2002 | 710AG2003 | 710AG2004 | 710AG2005,TK DE DERRAMES,,WEG;;;;;;;;;;;;;;;;;;;
"47688,710FT1501 | 710FT1502 | 710FT1503 | 710FT1504 | 710FT1505 | 710FT1506 | 710FT1507 | 710FT1508 | 710FT1509,CELDA FLOTACIÓN ROUGHER MOLY,""ELECTRIC MOTOR (75 HP) (380 V) (110 AMP) (3 PH)(50 HZ)(990 RPM)(445T FR)(4400 MASL) (SF 1,15) (TYPE:TCE) FOR:LEAN ELECTRO--LYTE PUMP. Clase F Motor Jaula de ardilla. Rod. eje 100BC02J3 Rod. Vent 65BC03J3"",US MOTOR";;;;;;;;;;;;;;;;;;;
"471953,710FT1501 | 710FT1502 | 710FT1503 | 710FT1504 | 710FT1505 | 710FT1506 | 710FT1507 | 710FT1508 | 710FT1509,CELDA FLOTACIÓN ROUGHER MOLY,""REPARADO ELECTRIC MOTOR (75 HP) (380 V) (110 AMP) (3 PH)(50 HZ)(990 RPM)(445T FR)(4400 MASL) (SF 1,15) (TYPE:TCE) FOR:LEAN ELECTRO--LYTE PUMP. Clase F Motor Jaula de ardilla. Rod. eje 100BC02J3 Rod. Vent 65BC03J3"",US MOTOR";;;;;;;;;;;;;;;;;;;
"344648,710FT1511 | 710FT1512 | 710FT1513 | 710FT1514 | 710FT1515 | 710FT1516,CELDA FLOTACIÓN 1RA LIMPIEZA (1511-1512-1513-1514) CELDA FLOTACIÓN 2DA LIMPIEZA (1515-1516),""MOTOR ELECTRICO 40HP FR 365T TYPO TCE 990 RPM,VOLT 380, AMP 56.0 SF 1.15 PARA CONJUNTO AGITADOR CELDAS PRIMERA LIMPIEZA TAG 710 FT 1511 A 1516 US MOTORS"",US MOTOR";;;;;;;;;;;;;;;;;;;
"508135,710FT1511 | 710FT1512 | 710FT1513 | 710FT1514 | 710FT1515 | 710FT1516,CELDA FLOTACIÓN 1RA LIMPIEZA (1511-1512-1513-1514) CELDA FLOTACIÓN 2DA LIMPIEZA (1515-1516),""REPARADO MOTOR ELECTRICO 40HP FR 365T TYPO TCE 990 RPM,VOLT 380, AMP 56.0 SF 1.15 PARA CONJUNTO AGITADOR CELDAS PRIMERA LIMPIEZA TAG 710 FT 1511 A 1516 US MOTORS"",US MOTOR";;;;;;;;;;;;;;;;;;;
"762519,710PP101,CELDAS MAELGWYN,""MOTOR ELÉCTRICO W22 HIGH EFFICIENCY 2HP 4 POLOS IEC IE2 FRAME 90L 380V 50HZ CAJA DE CONEXIÓN SUPERIOR CLASE F F.S. 1,15 CONSIDERA KIT IP67"",WEG";;;;;;;;;;;;;;;;;;;
"342741,710PP1514 | 710PP1515 | 710PP1523 | 710PP1524 | 740PP1615 | 740PP1616,710PP1514 710PP1515 (hidrociclones) 710PP1523 710PP1524 (hidrociclones) 740PP1615 740PP1616,""MOTOR ELECTRICO US MOTORS 20HP,1475 RPM FRAME 284T, VOLT 380, AMPERS 28.7, ID:J08-20015499-100R-01. PARA:BOMBA AIMENTACION 1RA LIMPIEZA TAG 710PP1508 Y 1509 ALIMENTACION 2DA.LIMPIEZA TAG 710PP1512 Y 1513 AGITADOR ESTANQUE TAG 710TK1512 BOMBAS DE REBOSE ESPESADOR TAG 740PP1615 Y 1616 AGITADOR LAVADOR DE GACES TAG 740DC1596"",WEG";;;;;;;;;;;;;;;;;;;
"347922,710PP1518 | 710PP1519 | 720PP1568 | 720PP1569 | 720PP1570,BOMBA ALIM. 3RA LIMPIEZA (1518-1519) BOMBA DESCARGA DIESEL (1568) BOMBA TRANSF DE DIESEL 1569-1570),""MOTOR ELECTRICO 10 HP, FRAME 254T, 380 VOLT, 15 AMP, 50HZ, Clase F. 1.15 SF, TYPE CE, ENCL TE INS F, CODE H, DES B, 3.5 KVAR, 92.4 EFF 88.1 PF, N? J02 200304-100-M06 002 PARA BOMBAS TAG 710PP1518 / 1519, 720PP1568 PLANTA DE MOLIBDENO PUERTO PATACHE Motor Jaula de ardilla"",US MOTOR";;;;;;;;;;;;;;;;;;;
"508127,710PP1518 | 710PP1519 | 720PP1568 | 720PP1569 | 720PP1570,BOMBA ALIM. 3RA LIMPIEZA (1518-1519) BOMBA DESCARGA DIESEL (1568) BOMBA TRANSF DE DIESEL 1569-1570),""REPARADO MOTOR ELECTRICO 10 HP, FRAME 254T, 380 VOLT, 15 AMP, 50HZ, Clase F. 1.15 SF, TYPE CE, ENCL TE INS F, CODE H, DES B, 3.5 KVAR, 92.4 EFF 88.1 PF, N? J02 200304-100-M06 002 PARA BOMBAS TAG 710PP1518 / 1519, 720PP1568 PLANTA DE MOLIBDENO PUERTO PATACHE Motor Jaula de ardilla"",US MOTOR";;;;;;;;;;;;;;;;;;;
"370775,710PP1521 | 710PP1522 | 720PP1565 | 720PP1566 | 720PP1567 | 740FL150104 | 740FL150105 | 740FL150109 | 740PP1527 | 740PP1528 | 740PP1529 | 740PP1530,BOMBA ALIM 4TA LIMPIEZA (1521-1522) BOMBA DESCARGA NASH (1565) BOMBA ALIM NASH (1566-1567) BOMBA DE FILTRADO (1501-04) AGITADOR TK FILTRO MOLY (1501-09) BOMBA DESCARGA ESPESADOR MOLY (1527-1528) BOMBA ALIM. FILTRO MOLY (1529-1530),""MOTOR ELECTRICO 5 HP, 1475 RPM SF 1.15, 50 HZ, FR 213T, TYPE CE, ENCL TE, INS F CODE K,DES B, 380 V, 7.7 AMP, 2.1 KVAR 91 EF, 80.4 PF, ID # J02-04659548-100-M SO8 001"",US MOTOR";;;;;;;;;;;;;;;;;;;
"743800,710PP1521 | 710PP1522 | 720PP1565 | 720PP1566 | 720PP1567 | 740FL150104 | 740FL150105 | 740FL150109 | 740PP1527 | 740PP1528 | 740PP1529 | 740PP1530,BOMBA ALIM 4TA LIMPIEZA (1521-1522) BOMBA DESCARGA NASH (1565) BOMBA ALIM NASH (1566-1567) BOMBA DE FILTRADO (1501-04) AGITADOR TK FILTRO MOLY (1501-09) BOMBA DESCARGA ESPESADOR MOLY (1527-1528) BOMBA ALIM. FILTRO MOLY (1529-1530),""REPUESTO MOTOR ELECTRICO 5 HP, 1475 RPM SF 1.15, 50 HZ, FR 213T, TYPE CE, ENCL TE, INS F CODE K,DES B, 380 V, 7.7 AMP, 2.1 KVAR 91 EF, 80.4 PF, ID # J02-04659548-100-M SO8 001"",US MOTOR";;;;;;;;;;;;;;;;;;;
"345793,710PP1535 | 710PP1536,BOMBA RELAVES PLANTA MOLY,""MOTOR ELECTRICO 125 HP, FR 447T,TYPE CE ENCL TE,INSF,CODE H,DES B,380V,168 AMP SF 1.15, 1485 RPM,23.9 KVAR,95.4 EFF, 88.5 PF,ID # J02 82000327-100R-01 PARA BOMBA RELAVES PLANTA DE MOLIBDENO TAG 710PP1535 : PUERTO PATACHE"",US MOTOR";;;;;;;;;;;;;;;;;;;
"760703,710PP1535 | 710PP1536,BOMBA RELAVES PLANTA MOLY,""REPARADO MOTOR ELECTRICO 125 HP, FR 447T,TYPE CE ENCL TE,INSF,CODE H,DES B,380V,168 AMP SF 1.15, 1485 RPM,23.9 KVAR,95.4 EFF, 88.5 PF,ID # J02 82000327-100R-01 PARA BOMBA RELAVES PLANTA DE MOLIBDENO TAG 710PP1535 : PUERTO PATACHE"",US MOTOR";;;;;;;;;;;;;;;;;;;
"349894,710PP1621 | 710PP1622 | 710PP1623 | 710PP1624 | 710PP1625 | 740DR1506,BOMBA MUESTREO RETORNO 3RA LIMP. (1621) BOMBA MUESTREO RETORNO FINAL (1622) BOMBA CAPTADORA RECHAZOS COURIER (1623-1624-1625),""MOTOR ELECTRICO 7.5 HP, FRAME 215T, 1465 RPM, 380 V., 12,6 AMP, 50 HZ, TYPE CE, ENCL TE INS F, CODE H, DES B, KVAR 2.1, EFF 91 PF 85.3, PARA BOMBAS MUESTREO DE RELAVE ROUGHER, TAG 71PP1619, ALIMENTACION DE TERCERA LIMPIEZA TAG 710PP1518 / 1519 PLANTA DE MOLIBDENO PUERTO PATACHE"",US MOTOR";;;;;;;;;;;;;;;;;;;
"758741,710PP1626 | 710PP1627 | 710PP1628,3RA LIMPIEZA MAELGWYN,""MOTOR MOTOR ELECTRICO FRAME 286T 25 HP, (50 HZ ) TENSIÓN ESPECIAL (400 V), BAJA TENSIÓN , NEMA TRIFÁSICOMOTOR DE BAJA TENSIÓN, NEMA TRIFÁSICO GENERAL PURPOSE GP100 CARCASA DE FUNDICIÓN DE HIERRO NP EFICIENCIA TEFC (IP54) 4 POLOS * FS 286T 25 HP (50 HZ) TENSIÓN ESPECIAL (400 V) MONTAJE EN PIE F-1,2 SINPROTECCIÓN DE DEVANADOS BASE F-2"",WEG";;;;;;;;;;;;;;;;;;;
"762524,710PP1626 | 710PP1627 | 710PP1628,3RA LIMPIEZA MAELGWYN,""MOTOR MOTOR ELECTRICO FRAME 286T 25 HP, (50 HZ ) TENSIÓN ESPECIAL (400 V), BAJA TENSIÓN , NEMA TRIFÁSICOMOTOR DE BAJA TENSIÓN, NEMA TRIFÁSICO GENERAL PURPOSE GP100 CARCASA DE FUNDICIÓN DE HIERRO NP EFICIENCIA TEFC (IP54) 4 POLOS * FS 286T 25 HP (50 HZ) TENSIÓN ESPECIAL (400 V) MONTAJE EN PIE F-1,2 SINPROTECCIÓN DE DEVANADOS BASE F-2"",WEG";;;;;;;;;;;;;;;;;;;
"CATALOGAR,710PP1629,Maelgwyn (original),""MOTOR 15HP, 380V, 21.1A, CONEXIÓN DELTA, COS 0.83, EFF 91.7%, 50HZ, 1465 RPM"",WEG";;;;;;;;;;;;;;;;;;;
504662,710PP1629 | 710PP1633 | 710PP1634 | 710PP1635 | 710PP1636 | 710AG1529,4TA LIMPIEZA MAELGWYN,,WEG;;;;;;;;;;;;;;;;;;;
743581,710PP1629 | 710PP1633 | 710PP1634 | 710PP1635 | 710PP1636 | 710AG1529,4TA LIMPIEZA MAELGWYN,,WEG;;;;;;;;;;;;;;;;;;;
762522,710PP1629 | 710PP1633 | 710PP1634 | 710PP1635 | 710PP1636 | 710AG1529,4TA LIMPIEZA MAELGWYN,,WEG;;;;;;;;;;;;;;;;;;;
172783,710AG1529,,,WEG;;;;;;;;;;;;;;;;;;;
"762521,710PP1630,Maelgwyn (original),""MOTOR 4HP, 380V, 10.8A, CONEXIÓN Y, COS 0.83, EFF 87.7%, 50HZ, 1430 RPM"",METSO";;;;;;;;;;;;;;;;;;;
"762521,710PP1630 | 710PP1637,CAJÓN 3RA Y 4TA LIMPIEZA,""MOTOR ELÉCTRICO W22 HIGH EFFICIENCY 4HP 4 POLOS IEC IE2 FRAME 100L 380V 50HZ CAJA DE CONEXIÓN SUPERIOR CLASE F F.S. 1,15 CONSIDERA KIT IP66"",WEG";;;;;;;;;;;;;;;;;;;
753369,710PP2002 | 710PP2004 | 710PP2005,,,ABB MOTORS;;;;;;;;;;;;;;;;;;;
SIN CODIGO,710PP2005 | 710PP2006 | 710PP2007 | 710PP2008,TK DE DERRAMES,MOTOR 4 POLOS CLASE 1/ CODE H S.F. 1.0/ ENCL. TEFC TYPE PLP N° 1W028B15 DRIVE 6310ZC3? OPP 6310ZC3,CROW TRITON;;;;;;;;;;;;;;;;;;;
SIN CODIGO,710PP2009,BOMBA DE PISO,MOTOR 4 POLOS CLASE 1/ CODE H S.F. 1.0/ ENCL. TEFC TYPE PLP N° 1W028B15 DRIVE 6313ZC3 OPP 6211ZC3,CROW TRITON;;;;;;;;;;;;;;;;;;;
"761756,710tk1512,,""MOTOR ELECTRICO W22 NEMA PREMIUM EFFICIENCY 20 HP 4P 254/6TC 3F 230/460//380 V 60//50 HZ IC411 - TEFC - CON PIES. ALTITUD 1000 M.S.N.M. REFRIGERACIÓN TEFC TOTALLY ENCLOSED FAN COOLED - IC411 CATEGORÍA B DE ACUERDO A LA NORMA NEMA MG-1 RÉGIMEN DE SERVICIO S1 MATERIAL DE LA CARCASA HIERRO FUNDIDO FRECUENCIA 60 HZ CLASE DE AISLAMIENTO F (DT=80K) TEMPERATURA AMBIENTE MÁXIMA 40°C TEMPERATURA AMBIENTE MÍNIMA -20°C ALIMENTACIÓN TRIFÁSICO GRADO DE PROTECCIÓN IP55 SENTIDO DE GIRO AMBOS FACTOR DE SERVICIO 1,25 NORMA NEMA MÉTODO DE ARRANQUE DIRECTA"",WEG";;;;;;;;;;;;;;;;;;;
SIN CODIGO,720PP15350102,,,WEG;;;;;;;;;;;;;;;;;;;
"342766,720PP1565 | 720PP1566 | 720PP1567,BOMBA DESCARGA NASH (1565) BOMBA ALIMENTACIÓN NASH (1566-1567) PLANTA MOLIBDENO,""MOTOR ELÉCTRICO BOMBA ALIMENTACIÓN REACTIVO NASH MOTOR ELECTRICO US MOTORS 10 HP 2945 RPM FRAME 254T 380 VOLT 14.3 AMPERES, ID: J04-20019263-100-M S18 001."",US MOTOR";;;;;;;;;;;;;;;;;;;
"345769,720PP1568 | 720PP1569 | 720PP1570 | 720PP1601 | 720PP1602,BOMBA DESCARGAR DIESEL (1568) BOMBA TRANSF. DE DIESEL (1569-1570) BOMBA ALIM P4000 (1601-1602),""MOTOR ELECTRICO 3 HP, FRAME 184T, 1465 RPM";" SF 1.15 TYPE CE, ENCL TE, INS F, CODE L DES B, 380 V, 4.8 AMP,1.5 KVAR, 89.5 EFF 79 PF ID #J04-04659930-100-M S18 001 TAG 740FL1501-09, 720PP1569/1570/1601/ 1602/1606, PARA : PLANTA DE MOLIBDENO PUERTO PATACHE Modelo: 03652329, Motor Jaula de ardilla. Rod. Eje 30BC02J3 Rod. Vent. 30BC02J3"",US MOTOR";;;;;;;;;;;;;;;;;;
"454157,720PP1568 | 720PP1569 | 720PP1570 | 720PP1601 | 720PP1602,BOMBA DESCARGAR DIESEL (1568) BOMBA TRANSF. DE DIESEL (1569-1570) BOMBA ALIM P4000 (1601-1602),""REPARADO MOTOR ELECTRICO 3 HP, FRAME 184T, 1465 RPM";" SF 1.15 TYPE CE, ENCL TE, INS F, CODE L DES B, 380 V, 4.8 AMP,1.5 KVAR, 89.5 EFF 79 PF ID #J04-04659930-100-M S18 001 TAG 740FL1501-09, 720PP1569/1570/1601/ 1602/1606, PARA : PLANTA DE MOLIBDENO PUERTO PATACHE Modelo: 03652329, Motor Jaula de ardilla. Rod. Eje 30BC02J3 Rod. Vent. 30BC02J3"",US MOTOR";;;;;;;;;;;;;;;;;;
"426221,720PP1624,BOMBA PISCINA DERRAMES DE REACTIVOS,""BOMBA POZO MODELO BS 2740.390 MT CAUDAL 60 M3/H";" ALTURA MANOMETR 17,5 MCA MATERIAL ACERO INOX. LIQUIDO A IMPULSAR: AGUA POTENCIA MOTOR 6,3 KW, 380 VOLT 50 HZ PESO APROX. 80 KG. Marca: Flygt Modelo: BS 2740.390 MT , 8,5HP, 2820 RPM, 380V, 50Hz, 12 A."",FLYGT PUMP";;;;;;;;;;;;;;;;;;
345777,720PP1701,BOMBA DOSIFICADORA DE NASH,MOTOR ELECTRICO 2 HP 1425 RPM; FRAME FE 145TC ; 190/380 V. 8/4 AMP. ; 1.15 SF. PARA BOMBA DOSIFICACION HIDROSULFURO DE SODIO TAG 720PP1701/03/04/05/06/07/08/09/10/11 /12 PARA : PLANTA DE MOLIBDENO PUERTO PATACHE Modelo: HM417377 Motor Jaula de ardilla. Rod. Eje 6205ZZ Rod. Vent. 6204ZZ,Reliance Electric;;;;;;;;;;;;;;;;
342782,720PP1703 | 720PP1704 | 720PP1705 | 720PP1706 | 720PP1707 | 720PP1708 | 720PP1709 | 720PP1711 | 720PP1712,BOMBA DOSIFICADORA DE NASH,MOTOR ELECTRICO 1HP/1500RPM/380V/3/50HZ ESTANDAR MOTOR DE INDUCCION: TRIFASICO GRADO DE PROTECCION: IPW55 ; TEM. AMB.(°C): 40 ; MONTAJE : B3D AISLACION: F ; F.S.: 1.15 ; DELTA: 80 REGIMEN: SI ; TENSION(V): 220/380 FRECUENCIA(HZ): 50 ; CATEGORIA: IEC-TEFC ALTITUD(M): 1.000 CARCASA FIERRO FUNDIDO.,WEG;;;;;;;;;;;;;
456194,720PP1703 | 720PP1704 | 720PP1705 | 720PP1706 | 720PP1707 | 720PP1708 | 720PP1709 | 720PP1711 | 720PP1712,BOMBA DOSIFICADORA DE NASH,REPARADO MOTOR ELECTRICO 1HP/1500RPM/380V/3/50HZ ESTANDAR MOTOR DE INDUCCION: TRIFASICO GRADO DE PROTECCION: IPW55 ; TEM. AMB.(°C): 40 ; MONTAJE : B3D AISLACION: F ; F.S.: 1.15 ; DELTA: 80 REGIMEN: SI ; TENSION(V): 220/380 FRECUENCIA(HZ): 50 ; CATEGORIA: IEC-TEFC ALTITUD(M): 1.000 CARCASA FIERRO FUNDIDO.,WEG;;;;;;;;;;;;;
"342758,720PP1713 | 720PP1714 | 720PP1715 | 720PP1716 | 720PP1733 | 720PP1734 | 720PP1735 | 720PP1736 | 720PP1737 | 720PP1738 | 720PP1739 | 720PP1740 | 720PP1741 | 720PP1743 | 720PP1745 | 720PP1746 | 720PP1747,BOMBA DOSIFICADORA DE DIESEL (1713-1714-1715-1716) BOMBA DOSIFICADORA P4000(1733-1734-1735-1736-1737-1738-1739-1740-1741-1743-1745-1746-1747),""MOTOR ELECTRICO RELIANCE ELECTRIC 1/3 HP 1425 RPM FRAME FB56C, 380 VOLT , 0.8 AMP PARA BOMBA DOSIFICACION REACTIVO P-4000 TAG 720PP1733 A 720PP1747 ( NO INCLUYE TAG 720PP1742 Y 1744 )PLANTA DE MOLY PUERTO PATACHE"",Reliance Electric";;;;;;;;;;;;;;;;;;;
"342774,720PP1727 | 720PP1728 | 720PP1729 | 720PP1730,BOMBA DOSIFICADORA DE ACIDO,""MOTOR ELECTRICO MARCA RELIANCE ELECTRIC 3/4 HP, 1425 RPM FR FB56C,380 VOLT, 1.7 AMPER.PARA BOMBA DOSIFICAION DE REACTIVO DIESEL TAG 720PP 1713 A 1716 ACIDO SULFURICO TAG 720PP 1727 A 1730 PLANTA DE MOLIBDENO PUERTO PATACHE"",Reliance Electric";;;;;;;;;;;;;;;;;;;
"346635,740DC159602,VENTILADOR LAVADOR DE GASES,""MOTOR ELECTRICO 20 HP 2970 RPM FR 284T 380 V, 29.2 AMP, TYPE CT, ENCL TE, INSUL F, CODE H, DES A ID# J04 30029495-100R-01, PARA VENTILADOR LAVADOR DE GASES TAG 740DC1596-02 PLANTA DE MOLIBDENO PUERTO PATACHE"",US MOTOR";;;;;;;;;;;;;;;;;;;
"353524,740DR159604 | 740DR159605,?,""MOTOR ELECTRICO 30 HP, FRAME 324T, 2970 RPM, 380 V, 41 AMP. 50HZ, TYPE CE, ENCL TEINS F, CODE H, DES A, 6.7 KVAR, 93 EFF, 88.1 PF, J03 30022927-100R-01, PARA BOMBADE RECIRCULACION DE ACEITE TAG 740DR1501-04/1501-05, 740DR1501-04/1501-05, PARA : PUERTO PATACHE PLANTA MOLIBDENO"",US MOTOR";;;;;;;;;;;;;;;;;;;
"354530,740DR159610,?,""MOTOR ELECTRICO 5 HP, 2925 RPM, FR 213T TYPE CE, ENCL TE, CODE H, DES A,380 VOLT 41 AMP, 6.7 KVAR, 93 EFF, 88.1 FP, ID # J02 04659392-100-M S08-001, PARA SOPLADOR AIRE COMBUSTION TAG 740DR1501 PLANTA DE MOLIBDENO PUERTO PATACHE"",US MOTOR";;;;;;;;;;;;;;;;;;;
"22814,740DR159612,?,""MOTOR ELÉCTRICO Marca: U.S. Motors Modelo: 8P32P2ZC-P, 1.5HP, 1450rpm, 380V, 50Hz, 2.7[A], Motor Jaula ardilla, Frame 145TC Rod. Eje 35BC02JPP3 Rod. Vent. 35BC02JPP3"",US MOTOR";;;;;;;;;;;;;;;;;;;
"346643,740DR159612,?,""MOTOR ELÉCTRICO Marca: U.S. Motors Modelo: 8P32P2ZC-P, 1.5HP, 1450rpm, 380V, 50Hz, 2.7[A], Motor Jaula ardilla, Frame 145TC Rod. Eje 35BC02JPP3 Rod. Vent. 35BC02JPP3"",US MOTOR";;;;;;;;;;;;;;;;;;;
"571653,740DR159612,?,""MOTOR ELÉCTRICO Marca: U.S. Motors Modelo: 8P32P2ZC-P, 1.5HP, 1450rpm, 380V, 50Hz, 2.7[A], Motor Jaula ardilla, Frame 145TC Rod. Eje 35BC02JPP3 Rod. Vent. 35BC02JPP3"",US MOTOR";;;;;;;;;;;;;;;;;;;
"460477,740DR159612,?,""REPARADO MOTOR ELÉCTRICO Marca: U.S. Motors Modelo: 8P32P2ZC-P, 1.5HP, 1450rpm, 380V, 50Hz, 2.7[A], Motor Jaula ardilla, Frame 145TC Rod. Eje 35BC02JPP3 Rod. Vent. 35BC02JPP3"",US MOTOR";;;;;;;;;;;;;;;;;;;
"344143,740FL1501,FILTRO PLANTA MOLY,""MOTOR ELECTRICO 3 HP 980 RPM FRAME 215T 380 VOLT 5.5 AMPERES, ID:ORDE 4659546,TYPE:SO,LINE# 100. PARA:SISTEMA TRANSMISION FILTRO DE DISCO PLANTA DE MOLIBDENO PUERTO PATACHE"",US MOTOR";;;;;;;;;;;;;;;;;;;
76752,740TM1527,MECANISMO ESPESADOR DE CONCENTRADO,HIDRAULIC MOTOR G 1/2IN DWG.N024442022 FOR:OUTOKUMPU THICKENER MECHANISMS.,DANFOSS;;;;;;;;;;;;;;;;;;;
"346296,740TM1527,MECANISMO ESPESADOR DE CONCENTRADO,""HIDRAULIC MOTOR G 1/2IN DWG.N024442022 FOR:OUTOKUMPU THICKENER MECHANISMS.,DANFOSS"",";;;;;;;;;;;;;;;;;;;
"351908,750CV1507,TRANSPORTADOR DE SACOS MOLY,""MOTOR ELECTRICO 0,5 HP, 190/380 VOLT 2/1 AMP, 1425 RPM, FR 56, 50 HZ, SF 1.0 CODE L, DES B, CLASS F, ENCL TENV S/N F040114448 95007903, TRANSPORTADOR SACOS DE MOLIBDENO TAG 750CV1507"",BALDOR";;;;;;;;;;;;;;;;;;;
"543629,750CV1507,TRANSPORTADOR DE SACOS MOLY,""REPARADO MOTOR ELECTRICO 0,5 HP, 190/380 VOLT 2/1 AMP, 1425 RPM, FR 56, 50 HZ, SF 1.0 CODE L, DES B, CLASS F, ENCL TENV S/N F040114448 95007903, TRANSPORTADOR SACOS DE MOLIBDENO TAG 750CV1507"",BALDOR";;;;;;;;;;;;;;;;;;;
754444,,SHIPLOADER,MOTOR HIDRAULICO,EATON;;;;;;;;;;;;;;;;;;;
"754874,,SHIPLOADER,""MOTOR ELECTRICO 400VAC 8,5 KW 1480RPM"",THYSSENKRUPP";;;;;;;;;;;;;;;;;;;
"754876,,330BM003,""MOTOR ELECTRICO 400VAC 5,5 KW 1480RPM"",FLENDER";;;;;;;;;;;;;;;;;;;
"754874,,330BM003,""MOTOR ELECTRICO 400VAC 8,5 KW 1480RPM"",FLENDER";;;;;;;;;;;;;;;;;;;
744373,,,,;;;;;;;;;;;;;;;;;;;
370775,,,,;;;;;;;;;;;;;;;;;;;
757750,,,,;;;;;;;;;;;;;;;;;;;
80952,,,,;;;;;;;;;;;;;;;;;;;
525006,,,,;;;;;;;;;;;;;;;;;;;
81000,,,,;;;;;;;;;;;;;;;;;;;
524975,,,,;;;;;;;;;;;;;;;;;;;
508119,,,,;;;;;;;;;;;;;;;;;;;
80333,,,,;;;;;;;;;;;;;;;;;;;
751896,,,REPARADO ELECTRIC MOTOR (400 HP) (3 PH) (50 HZ) (FRAME:5811SD TE)(3300 V)(61 AMP)(TYPE: JCE)(SF:1.0)(1490 RPM) FOR:TAG NO.310CP 012A/013A/018A/019A/020A.,;;;;;;;;;;;;;;;;;;;
